{"outgoing": 0.626788306033589, "incoming": 0.2782500518349575}